First Last,First,Last,Company,Domain
Bill Trainor,Bill,Trainor,"Trainor Associates, Inc",www.trainor.com
Ashley Jacobs,Ashley,Jacobs,"Jacobs Agency, Inc",www.jacobsagency.com
Brock Landers,Brock,Landers,Social Media Ltd,www.social-media.co.uk
Debra Hays,Debra,Hays,Graphics Wearhouse,www.graphicswearhouse.com
Jonny Fuller,Jonny,Fuller,"Buyer Advertising, Inc",www.buyerads.com
Lucy Roberts,Lucy,Roberts,"Hmc Advertising, Llc",www.wearehmc.com
Al Smith,Al,Smith,Greater Fresno Area Chamber Of,www.fresnochamber.com
Karen Cunningham,Karen,Cunningham,Image Forward,www.imageforward.com
Moses Morales,Moses,Morales,Celebrity Connected,www.celebrityconnected.net
Carmina Garcia Llansola,Carmina,Llansola,Carmen Duran Agency Sl,www.carmenduran.es
Tom Elert,Tom,Elert,727 Communication AS,www.727.dk
Sean Branigan,Sean,Branigan,Budget Direct Mail,www.budgetdirectmail.com
Richard Ralphsmith,Richard,Ralphsmith,DPR&Co,www.dprandco.com
Tamra Wagner,Tamra,Wagner,"Six Degrees, L.L.C",www.six-degrees.com
Joseph Anthony,Joseph,Anthony,Shoreline Media Marketing,www.shorelinemediamarketing.com
Anthony Biondo,Anthony,Biondo,Biondo Creative,www.biondocreative.com
Chuck Marcus,Chuck,Marcus,Motivation Marketing,www.motivationmarketing.co.uk
Barbara Wescott,Barbara,Wescott,PointCatcher,www.pointcatcher.com
Soledad Medina Manzanilla,Soledad,Manzanilla,Barambambu Sl,www.barambambu.com
Peter Abrahams,,,"Matthews Media Group, Inc.",www.mmgct.com
