First Last,First,Last,Company,Domain
Angus Shee,Angus,Shee,DearLocal,www.dearlocal.com
Tessa Andrews,Tessa,Andrews,Paxson Fay,www.paxsonfay.com
Samantha Negraval,Samantha,Negraval,Affordable Content,www.affordcontent.com
Troy Murison,Troy,Murison,The Dubs,www.thedubs.com
Christophe Drèze,Christophe,Drèze,EU-turn,www.eu-turn.com
Leslie Kelseaux,Leslie,Kelseaux,Ara,www.ara.nl
Julie Dangote,Julie,Dangote,Adwizar,www.adwizar.com
Jeremy Guessoum,Jeremy,Guessoum,Grey Alchemy,www.greyalchemy.com
Kelly John Rose,Kelly,Rose,"Panda Rose Consulting Studios, Inc.",www.pandarose.ca
Supinder Kaur,Supinder,Kaur,Fitblink,www.fitblink.com
Kirsty Leighton,Kirsty,Leighton,Milk & Honey PR,www.milkandhoneypr.com
Sandy Westin,Sandy,Westin,The Village Communications,www.thevillagecommunications.co.uk
Luke Smith,Luke,Smith,Croud,www.croud.com
Joel Richarte,Joel,Richarte,Yuhu Ads,www.yuhuads.com
Rohan Dighe,Rohan,Dighe,ViralMint,www.viralmint.com
Jenny Zuelsdorff,Jenny,Zuelsdorff,Contentools,www.contentools.com
Nikola Bojkov,Nikola,Bojkov,Embed Social,www.embedsocial.com
Monica Zhuang,Monica,Zhuang,Hashmeta Pte Ltd,www.hashmeta.com
Fabiana Fantinato,Fabiana,Fantinato,Milk adv,www.milkadv.it
Mitchell Slater,,,Slater Strategies,www.slaterstrategies.com
