First Last,First,Last,Company,Domain
Steve Williams,Steve,Williams,GLS Promotional Specialities,www.glsenter.com
Bert Martinez,Bert,Martinez,Bert Martinez Communications L L C,www.bertmartinez.com
Kade Hendershot,Kade,Hendershot,Wallaroo Media Llc,www.wallaroomedia.com
James Byron Schaefer,James,Schaefer,DeliverMaxx,www.deliverymaxx.com
Anders Piiparinen,Anders,Piiparinen,Wallaroo Media Llc,www.wallaroomedia.com
Natalie Cook,Natalie,Cook,"Olomana Loomis Isc, Inc",www.olomanaloomisisc.com
Xaña Winans,Xaña,Winans,"Golden Proportions Marketing, Inc",www.goldenproportions.com
Sarah Carnes,Sarah,Carnes,9 Clouds,www.9clouds.com
Brandon Doyle,Brandon,Doyle,Wallaroo Media Llc,www.wallaroomedia.com
Peyman Nilforoush,Peyman,Nilforoush,"inPowered, Inc.",www.inpwrd.com
Laura Schakosky,Laura,Schakosky,Creative Eye Q,www.creativeeyeq.com
Natalia Wulfe,Natalia,Wulfe,Effective Spend,www.effectivespend.com
Ryan Traver,Ryan,Traver,"BluFish Consulting, LLC",www.blufishconsulting.com
Re Perez,Re,Perez,Branding For The People,www.brandingforthepeople.com
Pirouz Nilforoush,Pirouz,Nilforoush,"inPowered, Inc.",www.inpwrd.com
Ravishankar Gundlapalli,Ravishankar,Gundlapalli,"MentorCloud, Inc.",www.mentorcloud.com
Nate Luman,Nate,Luman,TubeScience,www.tubescience.com
Coleen Daniell,Coleen,Daniell,Lendan Communicaitons,www.lendanmktg.com
Jeffrey Pollak,Jeffrey,Pollak,"RadioActive Media, Inc.",www.radioactivemedia.net
John Caldwell,,,Now Media Group,www.nowmediagroup.tv
